noteId,createdAtMillis,summary,label
1807909188024016911,1719874114409,"Zelensky's wife didn't buy a Bugatti. The receipt is a fake posted to a recent instagram account, originating in a forum based in Nigeria known as Russian disinformation mill.     https://twitter.com/splendid_pete/status/1807873673262682423  https://www.nairaland.com/8141651/olena-zelenska-buys-latest-4.5m    The address is also fake as there is no &quot;Neuily-sur-Seine, Paris&quot; in France  https://www.neuillysurseine.fr/",1
1947632090435969339,1753186650272,実銃ではなく玩具銃です。    銃口から「インナーバレル」という玩具銃特有の、実銃には存在しない部品が確認できます。玩具銃には厳しい規制が敷かれており、改造しても実銃として使用することはできません。    https://ja.wikipedia.org/wiki/%E3%82%A8%E3%82%A2%E3%82%BD%E3%83%95%E3%83%88%E3%82%AC%E3%83%B3?wprov=sfla1    また、プラスチック製の銃で実弾を発砲した場合、発砲時の爆発に銃本体が耐えられず、手に重大な損傷を及ぼします。,1
2043069059541901628,1775940596839,"Ronnie Pickering is alive, according to his family who have denied rumors of his death and called them &quot;fake news&quot;.    https://www.examinerlive.co.uk/news/local-news/ronnie-pickering-family-members-break-33754893",1
1864781929150845221,1733433632539,本人により否定されています。    https://x.com/urct/status/1864747225659904223,0
2039857802802303177,1775174973570,"A proposta é inconstitucional, pois viola a dignidade da pessoa humana (art. 1º, III, CF/88). Além disso, mesmo com exames, existe o período de janela imunológica (até 30-90 dias para HIV, hepatites B/C).     https://www.gov.br/saude/pt-br/composicao/saes/doacao-de-sangue/faq/o-que-e-janela-imunologica",1
1840100996846104812,1727549239728,⚠️ Deceptive site ahead    Potential threats on linea-quest[.]pages[.]dev include:      * Fake versions of MetaMask    * Secret Recovery Phrase or password theft    * Malicious transactions resulting in stolen assets    Advisory provided by Ethereum Phishing Detector and Web3 Antivirus - https://web3antivirus.io/scam-report/?id=524037,1
1827523384558960643,1724550503278,"NNN   Note is incorrect    The EU only distanced itself from Breton's letter to Musk:  https://www.ft.com/content/09cf4713-7199-4e47-a373-ed5de61c2afa    Sandro Gozi made a separate statement on August 19.  There has been no official communication from the European Commission repudiating Gozi's warning to X &amp; Musk as of August 24, 2024:  https://x.com/sandrogozi/status/1825501366296412475  https://europeanconservative.com/articles/news/liberal-mep-threatens-musk-eu-will-shut-down-x/  https://www.ntd.com/eu-official-warns-musks-x-could-be-banned-in-europe_1012386.html  https://civilek.info/en/2024/08/20/the-european-union-is-considering-closing-down-musk-x-communal-media-outlets-in-favor-of-freedom-of-speech/",1
1695489088126627901,1693071073930,  Latino/Hispanic is not a race in the U.S. for statistical purposes and thus not an option. Brown is not a race either.     It’s likely those people do not identify as black or Asian so they legally identify as white.    Some South Asians identify as white because of history.     https://www.npr.org/sections/codeswitch/2014/06/16/321819185/on-the-census-who-checks-hispanic-who-checks-white-and-why,1
1827177595177464138,1724468060663,お札の画像は保有しているものではなく  YouTuberのサムネイルを無断使用しており  自分の所有物として使用している点に注意が必要です。  https://www.youtube.com/watch?v=083anAf7rRo    またこういうお金配りはほとんどが詐欺で配布される事はないです。,1
1652558278944239617,1682835571406,"The image is showing a Palestine pound, currency used in the British Mandate of Palestine so Palestine wasn't a sovereign state then, it's just a British mandate pound.    If interested this book contains information of it:     https://chipublib.bibliocommons.com/v2/record/S126C1123576",1
1813459752606920820,1721197472133,Winnyの開発者の金子勇氏は大阪高裁で無罪判決となり、検察の上告は最高裁に棄却されているため無罪が確定しています。  https://www.courts.go.jp/app/hanrei_jp/detail2?id=81846,1
1738917850247536723,1703425297681,"There is no suggestion that the F-16s will be operated from NATO countries, this is part of a recent disinformation narrative.    F-16s are being delivered to Ukraine, for Ukraine to operate from native airfields, in the same manner as other NATO equipment operated by the AFU.    https://www.atlanticcouncil.org/blogs/new-atlanticist/heres-what-f-16s-will-and-will-not-mean-for-ukraines-fight-against-russia/",1
1781336975359836230,1713538805223,Belgian fries are double fried. Traditionally they were fried in beef tallow however these days it’s mostly vegetable fat.     http://newworldreview.com/2009/08/belgian-fries/,0
1883420219487744255,1737877347238,These photos show bells that were taken by nazis in occupied countries in order to reuse the metal for weapons manufacturing     https://www.bells.org/blog/when-nazis-took-all-bells,1
1986263638441591023,1762397129056,The White House clarified that it is complying with the judge's order by partially funding SNAP.    https://www.newsweek.com/snap-update-white-house-complying-with-court-order-addresses-trump-post-10994384,1
1853448555392102564,1730731545672,The image is real    https://youtu.be/oK5oZCLXnFA,0
1729188133093167180,1701105552347,"Javier Milei no le ha quitado el subsidio a nadie ya que no tiene potestad para hacerlo puesto que no es presidente hasta el 10/12/23. De hecho, la renuncia voluntaria al subsidio fue propuesta por el gobierno de turno actual.  https://www.argentina.gob.ar/noticias/ya-se-puede-tramitar-la-renuncia-al-subsidio-al-transporte-publico-automotor-y-ferroviario",1
1785715628478755239,1714582757478,"Le Maroc n’a pas de frontière terrestre avec la Turquie, la Turquie est un pays de l’Asie mineure, et le Maroc est à l’extrême nord ouest du continent africain il s’étend de tanger au nord à lagouira au sud.     https://fr.m.wikipedia.org/wiki/Maroc",1
1740447965720822024,1703790105641,1) Le journal Le Monde a publié trois articles sur le sujet.    https://www.lemonde.fr/afrique/article/2023/12/25/nigeria-au-moins-seize-personnes-tuees-dans-une-attaque-dans-le-centre-du-pays_6207581_3212.html  https://www.lemonde.fr/afrique/article/2023/12/25/nigeria-au-moins-113-personnes-tuees-dans-des-attaques-dans-le-centre-du-pays_6207657_3212.html  https://www.lemonde.fr/afrique/article/2023/12/27/nigeria-198-personnes-tuees-dans-des-attaques-dans-le-centre-du-pays-selon-un-nouveau-bilan-des-autorites-locales_6207956_3212.html    2) Amnesty International a réagi sur X.    https://twitter.com/AmnestyNigeria/status/1739303611316727849    3) Les photos du tweet cité sont celle d'un attentat commis en juin 2022.    https://apnews.com/article/nigeria-africa-religion-government-and-politics-8775c5367906bbcf43e35673dc24c9e0,1
1852367695557091533,1730473848606,"NNN - For goodness sake, stop abusing Community Notes. This post is obviously satirical and expresses an opinion.",0
1829225027335795126,1724956206532,"NNN  That’s the point. A player who is actively playing an entire season, scoring etc. has less rating then a player who barely played and did not score in the games he played.  ",0
2011116275280560192,1768322459418,"Recent surveys show 31% of Albertans are in favour of separation. Notably, 42% of young voters (18-34) are in favor of separating and these numbers have contributed to climb over recent surveys.    https://researchco.ca/2026/01/08/alberta-separation-3/  https://www.westerninvestor.com/alberta/mario-canseco-albertas-separation-movement-is-growing-and-getting-younger-says-poll-11710517",1
1983415230215422457,1761718015614,Este articulo es falso. Simon Levy sigue libre; la ficha roja en su contra sigue sin aparecer en el sitio de interpol    https://www.publimetro.com.mx/noticias/2025/10/28/simon-levy-detenido-por-la-interpol-en-portugal-esto-es-lo-que-se-sabe/,1
1936091131613237304,1750435071268,Misinformation!  This video is digitally altered. The original video was from Khamenei's visit to Rezaei-Nejad's family. Entire video doesn't show Khamenei kissing the little girl.    https://x.com/dintentdata/status/1841785071390621854    https://youtu.be/Dnb_luCOh9g?si=YpEiJokp05EZvK1Z&amp;t=349  ,1
1701957110668431824,1694613170675,"O objeto foi criado pelo artista Alex CF, de Londres, e ele também criou essa história.    https://www.merrylinmuseum.com/immaculate-conception-of-maria-rosenthal  ",1
2005631542987727047,1767014797337,医療デマや誤情報を意図的にポストし、不安を煽る事でインプレッション稼ぎを繰り返している大変悪質なアカウントです    身元の不確かな人物の医療デマや不確定情報などは、  生命の損失、生涯に渡る身体・精神障害、重篤な疾病など  健康上の被害を生じさせる危険性があります    万が一そのような自体に陥ったとしても、  当該アカウントがその責任や賠償を負うとも、責任を追及するのも困難かと思われます    正しい医療情報を得るためには身元が明確で信頼性のある医師や専門家に相談してください    オンライン上の誤った医療情報に惑わされずに  https://www.jnj.co.jp/jjmkk/healthcare-of-new-normal/column_01    偽医師がデマ発信も医療情報の見分け方  https://medical.jiji.com/topics/1161,1
1405376164571488258,1623902762916,"Lack of &quot;evidence&quot; can not prove a negative, the claims made are an opinion, they raise questions that must be investigated for their veracity.  https://www.revolver.news/2021/06/federal-foreknowledge-jan-6-unindicted-co-conspirators-raise-disturbing-questions/",0
2001713382827671679,1766080635160,This image/post contains an undisclosed advertisement for a gambling website. Such posts violate X guidelines on promoting gambling content.    https://business.x.com/en/help/ads-policies/ads-content-policies/gambling-content,1
1718299219633623405,1698509433077,Al Qaida est souvent qualifié de « groupe terroriste » par l’AFP.   https://x.com/tefyandria/status/1718287419085050248?s=46&amp;t=eoX4zqFzbRejs3Kgt1f5Ag,0
1939334886231294031,1751208442635,این خبر منبع معتبری ندارد و پیش‌تر هم در سال‌های ۲۰۱۱ و ۲۰۱۷ منتشر و توسط میزان تکذیب شده است. مشرق آن را از رکنا نقل کرده، اما زنجیره منابع به سایت‌هایی می‌رسد که سند معتبر ندارند.     https://tn.ai/1336442    https://x.com/mersen/status/1939306889088491789?s=46,1
1792065243193172221,1716096623595,"The source used by the community note actually confirms the video's authenticity, not the opposite. It provides detailed evidence, like differences in lighting and normal blinking patterns, to show that the video is real.  https://www.bbc.com/news/62338593.amp",1
1987488013828415656,1762689042895,Eminemによる2010年のシングル“Not Afraid” のジャケット写真からの盗用です。    https://en.wikipedia.org/wiki/Not_Afraid,1
1952344305181589698,1754310129815,投稿長文をよく読むとわかるように、&quot;研究者たちは表向き「鼻腔スプレーとして使用する」と説明&quot;とあり、aerovaxはデバイスを通したスプレーによる吸入型のワクチンであり、後の無差別に投与される、空中散布で投与されるといった話は、この内容を書いた方の妄想にすぎない事に注意が必要です。  実際のaerovaxの投与の様子は下記の動画箇所にあるもので、デバイスに口をつけて吸入するようになっています。  https://youtu.be/_otSU8PA0qk?t=72  動画の提示場所は下記のサイトです。  https://aerovax.ca/aerovax-trial-details/  吸入型ワクチンが無差別投与に使われるといった噂は過去にも出ており、誤りであるとファクトチェックされています。  https://www.factcheck.org/2023/10/scicheck-posts-falsely-push-bill-gates-connected-air-vaccine-conspiracy/  ,1
1761055022912344395,1708703210940,Image is from 2014 and is an altered/fake image from original poster @berberoglu79 who's account is now suspended.     Source: https://tineye.com/search/d6e86a38769d664fe5235a17067aa238ad5e4383?sort=crawl_date&amp;order=asc&amp;page=1    Source: https://twitter.com/berberoglu79,1
1823092737597723119,1723494154725,🚨 This is a fraudulent crypto scam. The link sonic-labs[.]pages[.]dev is designed to drain your crypto wallet. Stay safe and avoid interacting with it.    https://web3antivirus.io/scam-report/?id=496474,1
1869529111112343866,1734565448918,"Ana Orsini died from a ruptured brain aneurysm, which affects some 30,000 people per year in the US, with a 50% fatality rate.    Vaccines do not cause aneurysms.    https://www.techarp.com/facts/ana-orsini-vaccine-aneurysm-death/    https://www.cbsnews.com/news/ana-orsini-tucson-arizona-news-anchor-dies-age-28-kold-tv/    https://people.com/ana-orsini-died-brain-aneurysm-colleague-says-8763171    https://www.kktv.com/2024/12/18/news-anchor-28-dies-after-suffering-brain-aneurysm/    https://www.cdc.gov/vaccine-safety/vaccines/covid-19.html",1
1862944815668981973,1732995630553,It's a joke you taris  www.google.com/joke,0
1787545204142350425,1715018962310,"La resolución de la Corte Internacional de Justicia se dará a conocer en un plazo de alrededor de dos semanas, después de los alegatos de ambas partes (después del 30 abril 2024)  Además, se espera una audiencia para escuchar alegatos en 2025  •https://imagenpoblana.com/24/04/30/en-dos-semanas-habra-resolucion-sobre-denuncia-de-mexico-contra-ecuador-ante-la-cij   •https://www.laiguana.tv/articulos/1224462-cuando-se-conocera-la-resolucion-de-la-cij-sobre-denuncia-de-mexico-contra-ecuador/  •https://icj-cij.org/case/195 ",1
1653792075509379072,1683129731430,"Press Secretary of the President of Ukraine, Serhii Nykyforov, said that they were not involved in the drone attack on the Kremlin.    https://meduza.io/en/news/2023/05/03/zelensky-spokesman-says-ukraine-has-no-information-about-alleged-drone-strike-on-kremlin-calls-attack-predictable-step-from-our-opponents    https://twitter.com/disclosetv/status/1653747026117513217?s=61&amp;t=RNXmXqezlERd_M5fqO0rkA    https://www.indiatoday.in/world/russia-ukraine-war/story/no-info-ukraine-denies-kremlins-claim-of-assassination-attempt-on-putin-2368139-2023-05-03#    https://tass.com/world/1612981    https://www.reuters.com/world/europe/russia-launches-unsuccessful-strikes-kyiv-ukraine-2023-05-03/    https://www.forbes.com/sites/siladityaray/2023/05/03/ukraine-denies-making-assassination-attempt-on-putin/",1
1881911727538794874,1737517694731,NNN - notes are probably not needed here but to claim notes have not been used to point out idiotic opinins or claimed facts is obserd. Go look at funny community note on youtube.    We can't be 100% serious all the time,0
1870782750242009432,1734864339777,NNN they need to hear this.,0
1870161798428823623,1734716293329,"Taylor Swift has 94.7 million monthly listeners on Spotify, with top markets including Vietnam, Taiwan, India, and the Philippines. Her global appeal spans diverse cultures, disproving claims that her audience is limited to one demographic.    https://open.spotify.com/artist/06HL4z0CvFAxyc27GXpf02?utm_source=chatgpt.com    https://chartmasters.org/taylor-swifts-global-heatmap/?utm_source=chatgpt.com",1
1948528268652494962,1753400315808,Contrairement à ce qui est indiqué dans la vidéo la construction de la Tour Eiffel est bien documenté.     Les plants et calculs sont consultables gratuitement ici :  https://passerelles.essentiels.bnf.fr/fr/album/c2ed97d0-6861-4ebc-9760-06e4def9eff8-plans-gustave-eiffel-pour-tour-eiffel    De plus de nombreuses photos sont disponibles :  https://artsandculture.google.com/story/la-construction-de-la-tour-eiffel/UgWBgIpO0RsA8A    Une reportage complet sur la tour :   https://youtu.be/cJhVjVQT95A?si=IZy0t4kQzu4hx5hF,1
1744533311786299559,1704764128047,"Musk, who claims that he wants X to be the “best source of truth,” regularly facilitates and posts misinformation himself.    https://foreignpolicy.com/2023/07/15/elon-musk-twitter-blue-checks-verification-disinformation-propaganda-russia-china-trust-safety/    https://rollingstone.com/culture/culture-lists/elon-musk-twitter-zuckerberg-lies-1234808808/    https://factcheck.org/person/elon-musk    ",1
1710364930250014998,1696617751072,"Die Aussage, dass sich die CDU für Arbeitnehmer einsetzt ist falsch.  Die CDU war z.B. immer gegen den Mindestlohn.    https://www.deutschlandfunk.de/cdu-sozialpolitiker-gegen-staatlichen-mindestlohn-100.html  ",1
1883811304760295768,1737970589233,"NNN - the caption says “after they celebrated Australia Day in Adelaide” not because they did, whoever left the community note needs to improve their literacy skills.",0
1969749311786201590,1758459806759,"NNN - Ed Davey is denouncing the lack of action on Child Abuse under Elon Musk, not regarding X’s policies.",0
1788159387720450125,1715165395085,ユーザーから見れば伊藤忠のせいで国内でUSコンバースを購入できないことに変わりなく、この投稿には不要なノートと思われます。,0
1931865730120647031,1749427657047,"Cette photo a été capturée le 26 octobre 2023 à Paris, au cœur d’une mobilisation en solidarité avec le peuple palestinien.    https://www.huffingtonpost.fr/international/article/conflit-israel-palestine-en-france-le-piege-de-la-plaie-memorielle_225274.html",1
1875228842240974851,1735924370714,"L’auteur oublie de préciser que: Salah exprime ceci au fait que pour le moment, les deux parties (Salah &amp; Liverpool) n’ont toujours pas trouvé un accord pour une prolongation de contrat, donc, il dit qu’il partira libre s’il ne trouve toujours aucun accord.    https://x.com/redsfrance/status/1875220767509811306?s=46&amp;t=yxHikaEfAhlP7fqxsEiUcw",0
1770837521028481439,1711035540243,"O post expressa fatos, o jovem foi claramente agredito, e também uma opinião do autor.   Independente da intenção do jovem, nada justifica as agressões físicas recebidas.",0
1956602813343035444,1755325437280,"Representative Doug LaMalfa voted AGAINST H.R. 1 — &quot;For the People Act&quot; in 2021 and 2019. The bill would have, among many other things, “requires states to establish independent redistricting commissions to carry out congressional redistricting”.     1.) https://clerk.house.gov/Votes/202162  2.) https://www.congress.gov/bill/117th-congress/house-bill/1/text  3.) https://lamalfa.house.gov/media-center/press-releases/lamalfa-opposes-partisan-legislation-to-endanger-election-system",1
1841492724832203072,1727881053537,"The Voyager spacecraft are powered by Radioisotope Thermoelectric Generators (RTGs) that do not depend on sunlight. Over nearly 50 years of operation, the power output from the RTG has depleted, but is expected to power at least one instrument until the 2030s.    https://blogs.nasa.gov/voyager/2024/10/01/nasa-turns-off-science-instrument-to-save-voyager-2-power/",1
1836820329869578727,1726767067767,⚠️ Deceptive site ahead    Potential threats on grasfoundatlon[.]xyz include:      * Fake versions of MetaMask    * Secret Recovery Phrase or password theft    * Malicious transactions resulting in stolen assets    Advisory provided by Ethereum Phishing Detector and Web3 Antivirus - https://web3antivirus.io/scam-report/?id=515845,1
1645215571812798465,1681084933604,It is not a retweet neither a link to the account.    ,0
1588251992597487616,1667503757988,"As the Medical Examiner who performed the autopsy, Officer Sicknick died of natural causes after suffering two strokes. Furthermore, the Medical Examiner established that there was no connection with the events of January 6 (Sicknick hadn't been pepper sprayed or hit).    https://www.npr.org/2021/04/19/988876722/capitol-police-officer-brian-sicknick-died-of-natural-causes-medical-examiner-ru  https://www.judicialwatch.org/jw-sicknick-documents/",1
1717622331080679557,1698348050272,Taylor Swift was born on the 13th of December 1989. The year she was born in is the reason Taylor’s album is called 1989.    Link: https://en.m.wikipedia.org/wiki/Taylor_Swift,1
1851042963448594823,1730158007858,This is an edited screenshot and not an original post from Jadon Sancho.     https://x.com/Tunnykvng/status/1850896374662893942?t=cBx8zzAmaNCvU6qZPh9jrQ&amp;s=19,0
2009289662062633159,1767886960890,Misinformation!  This is an old video from Sri Lanka. The girl in the video is a Sri Lankan girl who fell in love with a content creator Wild Carlos. Nothing to do with India and Indian girls.    https://x.com/dintentdata/status/1828814994592670152    https://www.youtube.com/watch?v=HcJsz5yx4zc    https://www.instagram.com/p/C27iKRes7z_/,1
1728267911788142681,1700886154493,This is a video from England dated Nov 24 2017.  For more information:  https://www.dailymail.co.uk/video/news/video-1579128/Black-Friday-Video-shows-mad-rush-one-man-entering-store.html,1
1805023931251995038,1719186215590,"Die russische Angriff ist gem. Artikel 51 der UN-Charta nicht zu beanstanden, sondern muss als BERECHTIGTE SELBSTVERTEIDIGUNG betrachtet werden. Russland führt also KEINEN VÖLKERRECHTSWIDRIGEN KRIEG und ist kein Aggressor - Diese Fakten werden durch viele Quellen bestätigt!   https://www.docdroid.net/FzmwtNI/die-osterweiterung-der-nato-pdf#page=5",0
1728901935380513276,1701037317499,"W tym czasie polski eksport do Kirgistanu wzrósł prawie 12-krotnie, do Armenii ponad 8-krotnie, do Kazachstanu 2,5-krotnie. W IV kw. 2022 r. krajowy eksport do tych krajów był prawie o 660 mln euro większy niż rok wcześniej (wzrost o 90 proc. rok do roku.)    https://biznes.interia.pl/gospodarka/news-z-niemiec-do-krajow-azji-srodkowej-a-dalej-do-rosji-tak-sie-,nId,6943704",1
1807837367786500182,1719856991133,"Según la Encuesta Nacional de Condiciones de Vivienda 2024 (ENCOVI), 82.8% de la población vive bajo la línea de pobreza, 50.5% bajo la línea de pobreza extrema y 89% de los hogares sufre inseguridad alimentaria.    https://www.ucab.edu.ve/guayana/encovi-2023-los-hallazgos-mas-destacados-sobre-las-condiciones-de-vida-de-los-venezolanos    https://x.com/ltornarolli/status/1768737383178965002?s=46&amp;t=Ukn3FJYeeDliY8iWrGWQSQ",1
1840276093372448969,1727590985993,Misleading. This video is nothing to do with Israel attack on Bairut that killed Nasrallah. It is a video of a coach celebrating with his sports team. The video is from 2015.  https://www.instagram.com/betcha_pa/reel/C2H9BWOr4It/  ,1
1732476975480967215,1701889673477,Il s'agit d'une fausse capture d'écran réalisée par le compte twitter &quot;parodique&quot; SurmulotsNews.    Jean-Luc Mélenchon n'a jamais tweeté ceci.    https://twitter.com/SurmulotsNews/status/1732323000769188045,1
1720478447678476772,1699029001538,"I know this isn’t the right forum to raise this but the user is pretending to be somebody else and appears to have set up the account to insult other users. There is no where to report impersonation of anyone not on X   https://www.google.com/url?q=https://www.esafety.gov.au/young-people/trolling%23:~:text%3DTrolling%2520is%2520when%2520someone%2520post,likely%2520to%2520make%2520things%2520worse.&amp;sa=U&amp;sqi=2&amp;ved=2ahUKEwjX8dCPoKiCAxXzWEEAHSYUBpMQFnoECA8QBQ&amp;usg=AOvVaw1_tqjpftLrDAKsqUTnJ4B4",1
1690631931874959681,1691913037639,"A diferencia de otros Estados, Canadá posee dos lenguas oficiales a nivel nacional reconocidas en el Official Languages Act de 1969: Inglés y Francés, de uso en todo el territorio. Canadá también reconoce 11 lenguas nativas de uso local y registra un centenar más sin estatus  https://laws-lois.justice.gc.ca/eng/acts/O-3.01/",1
1806640913478758732,1719571734194,"Ben Brechtken ist bereits länger als Rechtspopulist und Lügner bekannt. Seinerseits fand keinerlei Korrektur statt, dass es sowohl vom ZDF sowie von der Tagesschau Artikel über Bidens schwachen Auftritt gab.  https://www.tagesschau.de/ausland/amerika/us-wahl-tv-duell-102.html  https://www.zdf.de/nachrichten/politik/ausland/biden-trump-debatte-reaktionen-usa-wahl-100.html",1
1828925909610434640,1724884891308,This account is impersonating @BabyDogeCoin. Letters have been changed in the user name to fool people into misreading it as the real account. https://x.com/BabyDogeCoin,0
1715721882379665527,1697894947988,ゲーム機の予約販売をしていると謳っていますが、公式ではない並行輸入であるため故障、不良品のサポートが受けられない可能性があります。  また、舶来ガジェットで購入したものが届かないと主張するツイート、ブログが多数見受けられ、利用していた銀行口座が詐欺を理由として凍結されていた事実があります。    https://twitter.com/Stardust_3939/status/1637475316863221760,1
1982008790028624214,1761382694142,パクツイです。  https://twitter.com/gqvpziu9uob22r7/status/1764058453549756570   ,0
1688905610094690700,1691501450452,"NNN, the note above has nothing to do with what we can see in the post, which is clearly a meme. There should be a feature to report notes on satirical posts and memes",0
1709829643086254498,1696490128668,The timeline for reaching the net zero by 2050 has not changed and enshrined in law.  Some individual policy timeline changes ( amongst around 200 ) have been made during the period to 2050.     https://www.theguardian.com/politics/2023/sep/20/uk-net-zero-policies-scrapped-what-do-changes-mean,1
1820352004583006573,1722840713053,"L'auteur du post initial exprime une opinion,non une affirmation fausse.  Le contenu de la NC fournit un contexte important, mais devrait être une réponse au tweet initial,non une NC.",0
2028506941907955766,1772468717444,Israel Zionist regime  and the U.S.A are the one who first launched attack against Iran killing school going children the number standing at 165children and the Supreme leader. Iran is fighting and defending their sovereignty. Israel &amp; U.S.A are the threat to world peace   https://www.aljazeera.com/news/2026/2/28/israel-strikes-two-schools-in-iran-killing-more-than-50-people  https://www.theguardian.com/world/2026/mar/01/how-israeli-sleight-and-us-might-led-to-the-assassination-of-ali-khamenei  https://www.theguardian.com/world/2025/apr/27/israeli-airstrike-hits-beirut-suburb-despite-ceasefire-with-hezbollah  https://www.aljazeera.com/news/2025/11/11/how-many-times-has-israel-violated-the-gaza-ceasefire-here-are-the-numbers,0
2034646643404902403,1773932536351,El mar caribe recibe su nombre por las tribus encontradas en la costa norte de sur América cuáles   (mayor parte siendo Venezuela y Colombia) y parte de sus islas.     Haciendo así a Venezuela parte del Caribe por sus orígenes étnicos.     https://es.wikipedia.org/wiki/Historia_del_mar_Caribe    https://www.perplexity.ai/search/de-donde-provienen-los-habitan-VbCZz4LjRZCjWsXU4f4iOA#0,1
1882211032342626695,1737589054557,⚠️ Deceptive site ahead    Potential threats on jupuary-jup[.]lol include:      * Fake versions of MetaMask    * Secret Recovery Phrase or password theft    * Malicious transactions resulting in stolen assets    Advisory provided by Ethereum Phishing Detector and Web3 Antivirus - https://web3antivirus.io/scam-report/590961/,1
1927476196138262775,1748381110592,"AOC’s net worth is not $29 million. Current estimates of the representative’s wealth and assets are well below $100,000.    https://www.opensecrets.org/personal-finances/alexandria-ocasio-cortez/net-worth?cid=N00041162    https://www.factcheck.org/2024/03/posts-make-baseless-claim-about-net-worth-of-ocasio-cortez/  ",1
1820601641466319260,1722900231128,"This was tweeted by a troll, not by an actual Mayo Clinic doctor.     https://apnews.com/article/fact-check-mayo-clinic-impersonator-002368034651    https://www.beckershospitalreview.com/hospital-physician-relationships/mayo-clinic-asks-twitter-to-delete-parody-account-of-user-claiming-to-misdiagnose-trump-supporters.html    https://checkyourfact.com/2022/06/17/fact-check-doctor-misdiganose-trump-supporters/    https://www.politifact.com/factchecks/2022/jun/15/young-americas-foundation/hoax-claim-about-mayo-clinic-trump-supporters-and-/    https://www.usatoday.com/story/news/factcheck/2022/06/28/fact-check-post-claiming-misdiagnose-trump-supporters-hoax-mayo-clinic/7637860001/    https://www.thedailybeast.com/far-right-twitter-keeps-falling-for-the-same-liberal-troll    https://leadstories.com/hoax-alert/2022/06/fact-check-tweet-claiming-the-mayo-clinic-is-misdiagnosing-trump-supporters-is-fake.html",1
1846670921014055331,1729115631713,He needed.    https://www.tac.org/resources/emergencies/,0
1779966717612966155,1713212110321,NNN. O post é claramente uma sátira e a informação é facilmente verificável por qualquer pessoa com acesso ao Google.,0
1803267928885961155,1718767552002,This is a scam. ⚠️    It does not come from the official @Tesla verified account.    Real accounts owned by Elon Musk are https://x.com/elonmusk     And Tesla's is; https://x.com/tesla     Scammers have pretended to be Elon Musk or his companies to make fake promotions and trying to steal personal information or other assets.,0
1817308379729264892,1722115056340,NHKの記事を基に補足します。  https://www3.nhk.or.jp/news/html/20240725/k10014522251000.html    配偶者のいない場合の遺族厚生年金は、現行制度では男女で受け取り要件に差異があります。    ▽女性は、夫が亡くなった時に30歳未満だった人は5年間、30歳以上だった人は、生涯にわたって受け取れる一方、  ▽男性は、妻が亡くなった時に55歳未満だった人は受け取れません。    今回の制度改正はこの格差是正を解消するものであること、現行制度で受け取る人は改正対象にならないこと、5年間の受給額は増やす検討がされています。,1
2031350118281322864,1773146583516,Stolen word by word    https://x.com/lfc_bkay/status/2031019662163538142?s=46,0
1872886260785971413,1735365855772,Fake news. This was just a proposal by someone but it was never accepted. Money was never transfered.   https://x.com/BhagirathS19/status/1872658585756541102?t=sRMVvcPSdhof2-cv0si42Q&amp;s=19,0
1936784048615211397,1750600275554,ノートID 1936768113615552894:  その指摘は引用元の河合議員のツイートにつけるべきです,0
1946001799254569173,1752797958565,This is a fake statement.    The original source for this statement is a parody account: P. Enis of CBS News.    https://x.com/PeterEnisCBS/status/1945909064292028922,1
1741823587244179646,1704118079371,"Το κοριτσάκι που ανέβηκε με τον κ.Δούκα δεν είναι από την Παλαιστίνη, είναι η κόρη της παρουσιάστριας της βραδιάς Ζαμπέτογλου.  https://www.missbloom.gr/celebrities/1028335/sofia-galakterou-i-8xroni-kori-tis-nansus-zampetoglou-kai-tou-nasou-galakterou-einai-to-pio-fashionable-koritsi/",1
1714680081644163182,1697646563339,Schalke 04 steht derzeit auf dem 16. Platz der 2. Bundesliga mit einer Torbilanz von -6 Toren    https://www.kicker.de/2-bundesliga/tabelle/2023-24/9,1
1996327161494491411,1764796459922,It says &quot;*A* community note.&quot; There's no implication that most or even multiple of them are mad.,0
1778899782204879289,1712957733096,"The source cited states that Hamas has &quot;incomplete data&quot; for 11,371 of the casualties it has reported. It does not state those casualties are fabrications. The missing data are be any of the following: identity number, full name, date of birth, or date of death.    https://t.me/MOHMediaGaza/5271",1
2026239583730479509,1771928137129,Es un montaje con IA el anillo aparece y desaparece.  https://x.com/_vizz_zz/status/2026216402303009188?s=46,0
2031335146079613140,1773143013865,"The leaving of Zayn from 1D was announced on March 25th, 2015  https://www.facebook.com/100044443839226/posts/869295683125227/?mibextid=rS40aB7S9Ucbxw6v",0
1870122515172901212,1734706927470,"NNN.    Pelo contrário, a deputada diz que Síndrome de Down não está listado como CID (0:45).",0
1961623147033043244,1756522378105,This is Universal’s Islands of Adventure in Hogsmeade.     https://en.wikipedia.org/wiki/The_Wizarding_World_of_Harry_Potter_(Universal_Orlando_Resort),1
1774003165651980689,1711790288734,社説に記載している判決ではＹＯＬ見出しのデッドコピーについて、著作権法による保護の下にあるとまでは認められないものの、不法行為が成立すると記載されていることに留意が必要です。    https://www.courts.go.jp/app/files/hanrei_jp/350/009350_hanrei.pdf  https://www.courts.go.jp/app/hanrei_jp/detail7?id=9350  https://www.itlaw.jp/hanreichizai.pdf,1
1687271389777006592,1691111821966,"NNN.  This is a police account expressing a factual claim — they do not claim a crime was committed.      Whether the action was reasonable under U.K. law is for courts to decide, not community notes.  There is nothing misleading here.",0
1843790847604650174,1728428968703,"Im Unterschied zu ihren Kritikern setzt Shurjoka ihre Zuschauer aktiv dazu ein, um andere Influencer*innen zu behelligen.  https://youtube.com/shorts/BeWmq5VGmn4?si=Ug6tT5lqup3l6mqL    Rufschädigende Äußerungen wurden nicht nur von der &quot;toxischen Bubble&quot; festgestellt, sondern auch von Gerichten.  https://x.com/TobiasHuch/status/1819373732168605758",0
1830978201457144017,1725374195814,This is a libellous click bait scam using celebrity names Alex Jones and Ben Shepard for a fake website article/interview pretending to be from the BBC. Do not fall for it or visit their website https://proclubhoodie.com/?buyer=AAAP&amp;account=16628,0
1819793061951524874,1722707450745,"Donald Trump has stated on Truth Social, &quot;I have agreed with Fox News to debate Kamala Harris on Wednesday, September 4th.&quot; He mentioned that the debate was originally against Joe Biden on ABC but was canceled, citing a conflict of interest due to ongoing litigation.    https://www.foxnews.com/politics/trump-agrees-debate-kamala-harris-fox-news    https://truthsocial.com/@realDonaldTrump/posts/112896042195717073",1
2035751304203575400,1774195908009,"The UK is not planning a lockdown over meningitis. The outbreak is localized in Kent (34 cases, 2 deaths as of Mar 2026) and managed with vaccines/antibiotics. PM Starmer made no such statement.    https://fullfact.org/health/keir-starmer-fake-quote-lockdown-meningitis  https://www.gov.uk/guidance/outbreak-of-invasive-meningococcal-disease-south-east-england  https://www.bbc.co.uk/news/articles/cz783d70x8ro",1
1937881893506015690,1750862022173,"The US Secretary of Defense, Pete Hegseth, has leaked sensitive military information several times in the past few months, and has not been charged with a crime.    https://www.nytimes.com/2025/04/20/us/politics/hegseth-yemen-attack-second-signal-chat.html",1
1906084736486789163,1743280989177,NNN - this is a person opinion about the actions reported by news. CN by other users are better served in the comments if they want to seek clarification in OP.,0
1753616864742125908,1706929815837,"This account and the Bentbox page are run by a scammer and not by Nina Hartley. (The real Nina, below, has been active here since 2009.)    https://twitter.com/ninaland  https://www.nina.live/nina-hartley-lecturer-author-nurse-advice    (Because @ninaland, like most porn-related accounts, is shadowbanned, it's not possible to report this account for impersonating it.)",1
1758771416957075476,1708158756851,La constitution française garantit une séparation des pouvoirs. Le président de la république n'a pas les pleins pouvoirs comme affirmé dans ce post.  https://www.vie-publique.fr/fiches/275008-quentend-par-separation-des-pouvoirs,1
1755232390073430026,1707314987093,Los que se están manifestando actualmente son en su gran mayoría no son agricultores sino grandes terratenientes a los que no les importa el campo y si sus beneficios al precio que sea    https://x.com/CecilioCean/status/1754992814386028704?t=r7LOVojePdWVzho2sMID5Q&amp;s=09,0
1860839642259419199,1732493718100,NNN poster clearly states he is talking about the 15 department cabinet positions that have been filled,0
1967715894047453473,1757975002191,There is no evidence Matt Walsh has ever touched kids in an inapropriate way.  This is nothing but an attempt to slander him.    https://x.com/i/grok/share/3hyMINkvV68CkiekPTe62dv1L,0
1927019569454969238,1748272242308,"This image is fabricated, as no such flavor appears on the Ben and Jerry’s flavor search. The misspelling of “from” is a giveaway that this image is A.I. generated.     A full list of Ben and Jerry’s flavors can be found here.    https://www.benjerry.com/flavors",1
1949063816756822267,1753528000426,"Misinformation. Lady Gaga was NOT involved in the making of this video. She is not credited as having any involvement. As shown in the title of the video and in the video’s description, this is a recreation of Lady Gaga’s “Abracadabra” music video as the child is a fan. https://youtu.be/llY8tnSiVOI?si=huB3xJu7mzRKrSTk",1
2026176246896357473,1771913036451,"Hey Gracious Pomegranate Crow, you’re a fucking moron. Keep your opinions in the comments, not the community notes. NNN",0
1866588398661534011,1733864328433,NNN - ragebaits and jokes don't need CN.,0
1782901035167543437,1713911706139,"En esta noticia un hombre de 82 años tuvo que jubilarse gracias a aportes de usuarios de redes sociales, prueba de que en Estados Unidos no todos se pensionan    https://elpais.com/videos/2023-01-12/video-ee-uu-jubilado-a-los-82-anos-gracias-a-tik-tok.html?outputType=amp",1
1838936360780263729,1727271568850,"En reiteradas ocasiones, la @SCJN ha informado que su ministra presidente, Norma Piña, no tiene cuenta en @X; invitamos a denunciar esta cuenta apócrifa para evitar mayor desinformación. https://twitter.com/SCJN/status/1715188729583730778",1
1953329562651427254,1754545033502,La définition d'un état souverain en droit international date de la Convention de Montevideo qui se base sur 4 critères et précise que « l'existence politique de l'État est indépendante de sa reconnaissance par les autres États »  Taïwan répond à ces critères et cette défintion.  https://fr.wikipedia.org/wiki/%C3%89tat_en_droit_international#cite_note-3,1
1825045372487565586,1723959699162,"NNN, these 3 players are still made in La Masia and they are Star, so keep your opinion to comment section. ",0
1920868781464973661,1746805780174,"This is not real account of Travis Head. This person impersonating Australian cricketer Travis Head.  https://www.logicallyfacts.com/en/fact-check/fake-australian-cricketer-travis-head-didn-t-post-on-x-in-solidarity-with-reasi-bus-attack-victims#:~:text=Travis%20Head's%20social%20media%20account&amp;text=Andrew%20McRitchie%2C%20Head%20of%20the,StrikersBBL%2C%20and%20@TTGDCC).&amp;text=A%20review%20of%20his%20X,Head%20commenting%20on%20the%20attack.",1
2025898167305146567,1771846737110,"La imagen es una sátira por la forma en la que los gobiernos actuales han pactado con cárteles para llegar al poder, en referencia a cómo se excusarían para salvar su pellejo. No es una esquela oficial.   https://www.google.com/url?sa=t&amp;source=web&amp;rct=j&amp;opi=89978449&amp;url=https://elpais.com/mexico/2025-04-24/los-vinculos-de-los-aspirantes-a-jueces-con-narcos-empanan-la-inedita-eleccion-judicial-de-mexico.html%3FoutputType%3Damp&amp;ved=2ahUKEwjD8bipw--SAxWQIUQIHekaIOoQyM8BKAB6BAgGEAE&amp;usg=AOvVaw3IgHPDn60yAgWYLUXMcrj1",1
1868087569386213512,1734221758588,⚠ Warning ⚠    The person behind this account is not the person in this photo.  The person is impersonating naughtymegan. This picture was first posted on 29/11/2024 on her Threads page.    Source photo:     https://www.threads.net/@naughtymeganx/post/DC8z6OQoNq5    Side by side comparison:  https://ibb.co/NYPCpJ2    Her profiles:  https://x.com/naughtymeegan  https://allmylinks.com/naughtymeegan  https://www.threads.net/@naughtymeganx,1
2033247930644332894,1773599057242,"純粋な「1kWhあたりの発電コスト」で比較した場合、基本的には大崎クールジェンの方が、主要な再生可能エネルギーよりもコストが大きくなります  更に特殊で複雑な設備の建設費がかかります   https://www.kikonet.org/wp/wp-content/uploads/2016/11/IGCC_and_emissions_Japanese_201611.pdf#:~:text=%E3%81%97%E3%81%8B%E3%81%97%20IGCC%20%E3%81%AF%E6%AC%A0%E7%82%B9%E3%81%8C%E3%81%82%E3%82%8B%E3%80%82%20%E7%AC%AC%201%20%E3%81%AB%E3%82%B3%E3%82%B9%E3%83%88%E3%81%8C%E9%AB%98%E3%81%84%E3%80%82%20%E7%B1%B3%E5%9B%BD%E6%83%85%E5%A0%B1%E5%BA%81%E3%81%AE%E8%A9%A6%E7%AE%97%E3%81%AB%E3%82%88%E3%82%8C%E3%81%B0%E3%80%81100,IGCC%20%E7%99%BA%E9%9B%BB%E6%89%80%E3%81%AE%E5%BB%BA%E8%A8%AD%E3%81%AB%E3%81%AF%2044%20%E5%84%84%E3%83%89%E3%83%AB%EF%BC%88%E7%B4%84%204400%20%E5%84%84%E5%86%86%EF%BC%89%E3%81%8C%E3%81%8B%E3%81%8B%E3%82%8A%E3%80%81%E9%80%9A%E5%B8%B8%E3%81%AE%E7%9F%B3%E7%82%AD%E7%81%AB%E5%8A%9B%E7%99%BA%E9%9B%BB%E6%89%80%E3%82%88%E3%82%8A%E3%82%82%2035%EF%BC%85%E3%81%BB%E3%81%A9%E5%89%B2%E9%AB%98%E3%81%A8%E3%81%AA%E3%82%8B9%E3%80%82    発電コストの比較（1kWhあたり）  大崎クールジェンと同等の技術（CO2回収型IGCC）：約14.3〜14.9円    主要な再生可能エネルギー：約8.2〜17.2円  https://www.kepco.co.jp/siteinfo/faq/energy/9098895_10614.html#:~:text=2030%E5%B9%B4%E3%81%AB%E6%96%B0%E3%81%9F%E3%81%AA,%E7%99%BA%E8%A1%A8%E3%81%95%E3%82%8C%E3%81%A6%E3%81%8A%E3%82%8A%E3%81%BE%E3%81%99%E3%80%82&amp;text=%E3%81%93%E3%81%AE%E7%99%BA%E9%9B%BB%E3%82%B3%E3%82%B9%E3%83%88%E3%81%A7%E3%81%AF%E3%80%81%E7%9F%B3%E6%B2%B9,%E3%81%8C13.6%E5%86%86%E4%BB%A5%E4%B8%8A%E3%81%A7%E3%81%99%E3%80%82    ただし、大崎クルージェンなど火力発電はベースロード電源  再エネ発電はサブ電源であり  どちらか一方に比重をかけるものではなく、土俵が違うため比較する事はナンセンスである事に留意が必要です  https://www.kepco.co.jp/energy_supply/energy/nuclear_power/necessity/bestmix.html",1
1896192068931969337,1740922393435,以下のことに注意が必要です。    1. 課長の自死の具体的な原因はこれまで一切報道されておらず一般に知られていない。  2. 元県民局長は「一死をもって抗議」する旨の言葉を残したとされるが、抗議の対象は明らかになっていない。  https://web.pref.hyogo.lg.jp/gikai/iinkai/index/tokubetsu/bunsho/shingi/documents/bunshoshiryou060719.pdf#page=6  3. 年明けに取り沙汰された県立病院職員の自死を県知事と結びつけるのは無理がある。  https://web.archive.org/web/20241205013013/https://www.kobe-np.co.jp/news/jiken/202412/0018413482.shtml  4.  T元県議の自死については本人が理由を言い遺しておらず、周囲の伝聞・推察のみを元に報道されている。    人が自死したとき、その理由は明確にわからないことが多いです。特定の理由をこじつけることは故人や遺族らを傷つけかねないことに注意が必要です。,1
1905413635146743854,1743120986149,アマルガムの詰め物は日本では2016年に保険適用外となり、  現在では使用されていない点に留意が必要です。  https://ds-plaisir.com/column/180502-2/  https://www.artdc.jp/blog/2138-2/,1
1989911064570745123,1763266743210,ポストの主題は、事故の発生原因についてのものではありません。「セクハラである」などとの訴訟が発生するリスクに対して「女性消防士を増やす」ことは対策のひとつになり得るという主張であり、これに虚偽の内容は含まれません。      総務省消防庁  女性消防吏員の活躍推進のためのポータルサイト  https://www.fdma.go.jp/relocation/josei_shokuin/,1
1888390013798260993,1739062238536,This post contains an undisclosed ad which is against X’s terms of service for promoting gambling.    Stake is an Australian-Curaçaoan online casino  https://en.m.wikipedia.org/wiki/Stake_(online_casino)    https://business.x.com/en/help/ads-policies/ads-content-policies/gambling-content    Putting #ad on the post is still not eligible for Paid Partnership promotion due to gambling services.    https://help.x.com/en/rules-and-policies/paid-partnerships-policy,1
1713279847949127749,1697312721607,"There never was a state of Palestine. Before the state Israel was established, the land belonged to the Ottoman Empire after which it became a British protectorate.    https://en.wikipedia.org/wiki/History_of_Israel",0
1841895190472032527,1727977008824,"Falso. El anciano es un santo hindú llamado 'Siyaram Baba' que vive en Madhya Pradesh, India. Según los informes, tiene unos 110 años.    https://x.com/dintentdata/status/1841797249921167434    https://navbharattimes.indiatimes.com/state/madhya-pradesh/khargone/who-is-the-famous-saint-siyaram-baba-he-has-donated-crores-of-rupees/articleshow/111438194.cms    https://satyaagrah.com/sanatan/dharm-sanskriti/2653-siyaram",1
1678304990010523648,1688974065673,Es una foto de 2012.,0
1766980927115214994,1710116056597,"Several major news agencies, including the Associated Press and Reuters have retracted the shared photo of Princess Kate with her three children, due to inconsistencies indicating digital alterations by Kensington Palace, requesting its removal.    https://abcnews.go.com/GMA/Culture/princess-kate-public-support-amid-recovery-surgery/story?id=107972921    https://x.com/Reuters/status/1766950422424519084",1
1734892129392996647,1702465491040,"Quick additional context: Enlistment into the Armed Forces of a country differs heavily than being conscripted, enlistment is voluntary, while conscription is mandatory. ",0
1944148498917523738,1752356097331,This person is not the person from the original video.     The 'real' Raven is named Sarah and she posted an update in 2021:  https://www.youtube.com/watch?v=Q_qKwSiN4Uw,1
1900501108503535856,1741949748527,&quot;Most&quot; do not assume AGI will be &quot;officially announced&quot; this year.    https://aiimpacts.org/2022-expert-survey-on-progress-in-ai/  https://www.lesswrong.com/posts/kygEPBDrGGoM8rz9a/conjecture-internal-survey-agi-timelines-and-probability-of  https://www.metaculus.com/questions/5121/date-of-artificial-general-intelligence/,1
1780655984806928827,1713376444426,"Turbo cancer is not a medical condition, it is made up by anti vax. To try and scare people, this is disinformation. You only have to Google turbo cancer and you've  will never get a result.    https://en.m.wikipedia.org/wiki/Turbo_cancer    https://vaccineresourcehub.org/resource/social-media-video-debunks-term-turbo-cancer-and-highlights-vaccine-safety-english-spanish  ",1
1741934682206355523,1704144566478,"There are currently 85 confirmed built &quot;Stealth Bombers.&quot; With additional numbers unconfirmed from China's Xi'an H-20.    It is somewhat common to see these aircraft around AFBs for training, scheduled flyovers, or other operations.    https://en.wikipedia.org/wiki/Northrop_Grumman_B-2_Spirit  https://en.wikipedia.org/wiki/Lockheed_F-117_Nighthawk  ",1
1770002008403063070,1710836338509,"Die Schülerin wurde nicht  &quot;abgeführt&quot;. https://www.presseportal.de/blaulicht/pm/108767/5735209   https://www.duden.de/rechtschreibung/abfuehren  Nicht der Schulleiter suchte auf der Tiktok Seite, sondern er reagierte auf ein Hinweisschreiben: https://archive.is/jkMb5  Das Meme war nach diesem Bericht nicht der Auslöser für das Rufen der Polizei https://archive.is/Gx7Zw    ",1
2022868399580135748,1771124384195,AI/Fake video      For those who can’t tell this video is AI. Below is a link to a site with tips on how to detect AI    https://caniphish.com/blog/how-to-spot-ai-videos,0
1714398446772191459,1697579416352,Δεν έχει επιβεβαιωθεί η είδηση ,0
1788082205186724262,1715146993335,当該アカウントは、現金や電子マネーを配布すると謳い、LINEアカウントのフォローを誘導するグループの一人です。下記に列挙したアカウントがほぼ同時刻に同じ文面で投稿している事にご注意ください。    現在このグループに所属する主なアカウントは下記の通りです。    キング【King】借金買取してます （@lji1ljlilil1ij1 元：@company_money1）  配布侍⚔️｜配布アカウント （@okane_king）  未来ちゃん （@ianpai50）    主な誘導先  lin.ee/pjSQQjf  lin.ee/eZf3MSi  lin.ee/nRlfiCUf  lin.ee/uyqFAFU  lin.ee/TYh0GDZ    [重要なお知らせ LINEを悪用した詐欺にご注意下さい!]  https://fraud-alert.landpress.line.me/fraud_alert/,1
1923768950296350965,1747497234307,"The Nazis murdered 6 million Jews and 5 million Romani, grntile Poles, Russians, Ukrainians, LGBTQ, disabled people, Jehovah’s Witnesses, nuns priests Protestant clergy and millions from other groups.  https://encyclopedia.ushmm.org/content/en/article/documenting-numbers-of-victims-of-the-holocaust-and-nazi-persecution",1
2016767094575288573,1769669719724,"Nicki Minaj is not an illegal alien, she is a permanent resident. The Trump Gold Card fast tracks her citizenship which is underway.     https://people.com/nicki-minaj-shows-off-trump-gold-card-after-publicly-defending-president-says-she-is-finalizing-citizenship-paperwork-as-we-speak-11894773    https://www.usatoday.com/story/entertainment/celebrities/2026/01/28/nicki-minaj-trump-gold-card/88406161007/",1
1790115815594791344,1715631843838,"Missing important context: In addition to merely &quot;speaking at a rally&quot;, after the Hamas massacres on October 7th, she declared that she felt &quot;full of pride and joy&quot; at those terrorist actions. This is more likely to be the cause of the UK government decision.    https://confidentials.com/manchester/manchester-university-investigates-student-leader-for-israel-comments  https://www.thetimes.co.uk/article/british-jews-braced-for-hate-crimes-as-pro-palestinian-groups-celebrate-ghdq9mvhb  https://www.pressreader.com/uk/scottish-daily-mail/20231017/281827173431983  https://www.jewishnews.co.uk/ministers-condemn-hamas-support-in-uk-as-repugnant/  https://www.politico.eu/article/europe-is-still-teeming-with-antisemitism/",1
1842437908692684848,1728106402930,Airbnb sigue operando en Nueva York.  https://www.airbnb.mx/new-york-ny/stays,0
1792067877954011461,1716097251773,The whole rape and heel sliced thing is interpretation.  https://en.m.wikipedia.org/wiki/Hitchens%27s_razor,0
1807611008325664849,1719803022830,"NNN - the proposed note presumes to suggest that the contributor is somehow privy to every word spoken by every Democrat in Congress. In reality, it should be common knowledge that it is impossible to prove a counter factual. ",0
1804958344370585789,1719170578460,"Russian MoD has already posted on their Telegram that injuries were sustained because russian airdefense intercepted an ATACMS, which then exploded above these people.    The ATACMS was not aimed at the beach, but at the Belbek military airfield that is right next to the beach.     https://x.com/grom1945/status/1804865100177666260?s=46&amp;t=s7gM3tDMwHh9_2X-Gv40sA",0
1888638366406889948,1739121450412,NNN - Current CN provides amount in $ not € so is irrelevant and misses the context of the OP in €. The information in the video is correct at time of posting,0
1829650796511646166,1725057717813,"No, X did not change the like button with this hashtag. This is engagement baiting and against the ToS https://x.com/en/tos",1
1821258252568674601,1723056779412,NNN. This is satire from a known satirical account.,0
1779401618859167773,1713077380277,This news is from 2016 when Xabi Alonso wanted Cristiano Ronaldo to join Bayern Munich   https://www.daily-sun.com/post/188473,1
2005822602598887762,1767060349499,The photo on the right is AI generated. A reverse image search returns no results.    https://www.bbc.co.uk/bitesize/articles/z6s4239,1
2021012513371062645,1770681906441,"Xuper TV y Magis TV fueron bloqueados en Argentina por una orden judicial por parte de empresas audiovisuales. El presidente no puede intervenir en estas órdenes judiciales ya que Argentina es una república, por lo tanto, debe respetar la división de poderes.    https://www.lmneuquen.com/pais/chau-xuper-tv-y-magis-tv-que-ya-no-se-pueden-usar-las-aplicaciones-n1227558    https://argentina.justia.com/federales/constitucion-de-la-nacion-argentina/primera-parte/capitulo-primero/#articulo-1",1
1790749813622874184,1715783000748,"Contrails: estelas de vapor de agua de aviones, no químicos. Seguros, naturales y científicamente probados. No afectan la salud ni el medio ambiente. Las enfermedades respiratorias no están vinculadas a ellos.  https://cnnespanol.cnn.com/2024/03/12/teoria-conspirativa-chemtrails-estelas-quimicas-trax/",1
1783229326579655045,1713989976913,During WW2 nightclubs and bars in  London remained open despite the country being at war and despite German attacks.  https://www.vintag.es/2014/10/pictures-of-londons-nightlife-during.html,0
1754533276155252928,1707148305344,"Note needed, the future isn’t just technology, it’s social reform too, and when your human rights are as bad as the Persian empire, you’re not a futuristic nation.  https://dictionary.cambridge.org/dictionary/english/futuristic",0
1934202512694726658,1749984789429,The data is factually incorrect. In 2018 the percentage of Pakistani population below poverty line was 22%. This graph is wrongly showing that it was 40%.    https://www.adb.org/where-we-work/pakistan/poverty,1
1752481127489540583,1706659034973,Noticia del 2016 y no es el delfín de la foto.   https://www.lanacion.com.ar/sociedad/santa-teresita-sacaron-un-delfin-del-mar-para-tomarse-una-foto-y-lo-mataron-por-accidente-nid1871616/,1
1882943292758708471,1737763639045,"This post contains an undisclosed advertisement for Stake, a gambling website, which violates X’s partnership rules and policies.    “Posts that are part of a Paid Partnership published as an organic post must include #ad indicating the commercial nature of such content”       https://help.x.com/en/rules-and-policies/paid-partnerships-policy",1
1990400465259946176,1763383425428,"This claim that Barron Trump sold Bitcoin on Nov 16 is unsubstantiated. No wallet address is linked to him, and no credible reports confirm it. His crypto holdings are reported as significant amid market dips. https://www.coindesk.com/markets/2025/11/16/bitcoin-falls-below-usd94-000-for-first-time-since-may-amid-extreme-fear-sentiment https://finance.yahoo.com/news/donald-trump-youngest-son-built-193049727.html",1
1777741358817489088,1712681543436,To nie ta lista.  https://twitter.com/RafalzKrakowa/status/1777734881105076632?t=VFVsKvuqyCMnL6abagR6iw&amp;s=19 ,0
1808646618465645027,1720049931530,Em nenhum momento o autor citou a cor dos três indivíduos. Carrefour não é lugar para fazer brincadeirinha de adolescente tapado.,0
1932602828843069658,1749603395077,ID:1932574668093075773への補足です。  外部資料・弁護士ドットコム記事は、ツイートの文面を念頭に置いたものであるため、画像の無断転載についての記事を取り上げた方が適切と思われます。  また、該当イラストの原作アニメの権利者は、「当社作品をもとにしてご自分で制作された小説やイラストでも、当社が許諾していないかぎりインターネッ ト上では、ご使用頂けません。」としている事に留意が必要です。  https://www.bnfw.co.jp/security/copyright/  ただし、著作権の侵害が必ずしも著作権法違反という訳ではなく、著作権を侵害しているからといって著作権法の庇護を受けられなくなるという訳でもありません。  ,1
1684751218097405952,1690510966216,Twitterでお金配りをしているアカウントに口座情報を教えることで  振り込め詐欺等の犯罪に巻き込まれ自身が逮捕されたり  現金をだまし取られるといった事件が発生しているため注意が必要です。    参考  https://internet.watch.impress.co.jp/docs/column/dlis/1445583.html  https://www.mag2.com/p/money/1233224  https://news.yahoo.co.jp/byline/ohmototakashi/20220920-00315981  https://www.yomiuri.co.jp/local/saitama/news/20230327-OYTNT50159/    また、このようなツイートへのリプライ（返信）で口座情報を載せている方が散見されますが、  これは日本人のみならず悪人を含め全世界のTwitterユーザーに対して  「私は情報弱者です。あなたのカモになります。」と喧伝しているようなもので、押し貸し等更なるリスクが発生します。    見ず知らずの人間にお金を無心するより、まずは自治体等に相談しましょう。,1
1906673155004833957,1743421279084,"&quot;même si nous refusons par principe que le recours soit impossible pour un justiciable quelqu’il soit&quot; : contrairement à ce que sous-entend la note proposée, cette phrase de LFI signifie bien qu'ils reconnaissent qu'un recours est possible pour un justiciable, quelqu'il soit.",0
1872089917641085099,1735175992772,"El logo de la BBC NEWS se agregó de forma desonesta a la imagen y además La ciudad de Belén no se encuentra en la franja de Gaza, sino en Cisjordania a 9 kilómetros al sur de Jerusalén.    https://maps.app.goo.gl/JjS52ZDoxFjan5fU8 ",0
1985820860905615728,1762291562664,"Flávia Fróes, da ONG que se reúne com Moraes, foi investigada por possível repasse do Comando Vermelho (CV) à sua campanha eleitoral a deputada federal pelo União Brasil no Rio de Janeiro em 2022.  https://oglobo.globo.com/politica/noticia/2023/03/pf-ve-indicios-de-repasse-de-faccao-a-campanha-da-advogada-de-jairinho-que-teria-usado-parte-do-valor-para-comprar-bmw.ghtml",1
2013164311418429682,1768810749283,"The footage is AI-generated fiction depicting nonexistent underground structures; extensive excavations of the Sphinx enclosure, including by Hawass and Lehner (1978-1998), have found only small tunnels and natural cavities, not vast chambers or submerged pyramids. https://madainproject.com/sphinx_tunnels_chambers https://en.wikipedia.org/wiki/Great_Sphinx_of_Giza https://www.smithsonianmag.com/history/uncovering-secrets-of-the-sphinx-5053442",1
1877659721492000818,1736503937491,NNN - A Conservative MP saying &quot;I believe X&quot; does not require a CN saying &quot;The Labour Government believes Y&quot;. Take it to the comments.,0
2017381611508027394,1769816231979,NNN Post obviamente satírico de uma página obviamente satírica.,0
1925770891046146196,1747974534176,"DomoAI's official blog denies training its AI.    &quot;We do not train on your artwork or images, and no content is stored after generation is complete.&quot;  &quot;DomoAI does not access or use any image unless you explicitly choose it through the &quot;Edit with Apps&quot; option in Discord.&quot;  https://domoai.app/blog/domoai-x-discord-our-image-restyle-app-now-live-in-the-discord-app-directory",0
1710645852853674421,1696684728239,"Art. 421-2-5 du code pénal - Le fait, publiquement, par quelque moyen que ce soit, [...] de faire l'apologie de ces actes est puni de cinq ans d'emprisonnement et de 75 000 euros d'amende.    https://www.legifrance.gouv.fr/codes/article_lc/LEGIARTI000029755573",1
1545577636654637056,1657329398693,It is very clear to hear the words spoken as REPEAT THE LINE,0
1750321934850523635,1706144243338,Las escalas del proyecto de ley &quot;Impuesto a los Ingresos Personales&quot; no se corresponden con las publicadas.    Para más información actualizada:    https://www.infobae.com/economia/2024/01/24/el-gobierno-envio-al-congreso-el-proyecto-de-ley-para-revertir-el-impuesto-a-las-ganancias/    https://www.lanacion.com.ar/economia/impuesto-a-las-ganancias-cuanto-se-pagaria-segun-el-salario-y-como-se-actualizaria-el-piso-para-nid24012024/,1
1643509625948618752,1680678204415,This image is not authentic. The original version of this image shows United States phone numbers in an impossible mixture of domestic and international formats. Newer versions of this image blur or crop out the errors.    https://twitter.com/butleriano/status/1643037863158890496  ,1
1785507208408801471,1714533066262,"These cases come with pre-cut holes/slots to use as hand holds, this is the breaking point, the addition of a breif strike forces that cut to expand down the sides. This posts makes no claim to a &quot;soild box&quot;",0
2008730838779793493,1767753727036,Si bien EEUU puede cambiar su percepción sobre el &quot;cartel de los soles&quot;. El usuario habla desde su opinión e ideas personales. Por lo cual no es necesario una nota.,0
1963062079708856790,1756865446389,Yes it is.      https://constitutioncenter.org/the-constitution/amendments,0
1892109283183165858,1739948981458,NNN - OP simply stated what was said in the video. Nothing misleading about this post.    The original CN clearly disagrees with Elon and RFK Jr’s stance and is expressing their own opinion through a community note    Keep opinions in the replies,0
1893237775702598046,1740218035041,The hepatitis B vaccine does not cause autism.     https://publichealthcollaborative.org/alerts/video-falsely-links-hepatitis-b-vaccination-to-autism/    https://www.annenbergpublicpolicycenter.org/fact-checking-presidential-candidate-robert-f-kennedy-jr-on-vaccines-autism-and-covid-19/,1
1734560096842113340,1702386328308,This is most definitely racist.    https://theconversation.com/comparing-black-people-to-monkeys-has-a-long-dark-simian-history-55102,0
1885679449620054493,1738415989676,「東京都が中国の春節をなぜ祝う？」は事実誤認です。    東京タワーは、東京都ではなく株式会社TOKYO TOWERが建主であり、管理および運営を行っている民間施設です。  https://ja.wikipedia.org/wiki/%E6%9D%B1%E4%BA%AC%E3%82%BF%E3%83%AF%E3%83%BC  https://www.gov-online.go.jp/eng/publicity/book/hlj/html/202007/202007_02_jp.html,1
1859708133125521591,1732223945300,"La France soutient la décision mais ne sais pas prononcé sur le fait d'arrêter ou non Nethanyahou, le poste n'est donc pas trompeur    https://x.com/CerfiaFR/status/1859607650025025996?t=J6FyxxQs3NDUqIXjIv5CAw&amp;s=19",0
1689052053702672721,1691536365331,"Apostas e Jogos de azar viciam e causam dependência, prejudicando financeiramente e emocionalmente. Sua ilegalidade se baseia em riscos de exploração e impactos sociais negativos.    https://www.bbc.com/portuguese/geral-60403876    https://economia.uol.com.br/noticias/redacao/2022/08/26/jogo-do-foguetinho-que-da-dinheiro-e-confiavel-ou-nao.amp.htm    https://einvestidor.estadao.com.br/comportamento/vicio-em-apostas-online-dividas-depressao/    https://veja.abril.com.br/comportamento/cassinos-on-line-sediados-em-outros-paises-abre-terreno-para-golpistas    https://www.uninter.com/noticias/apostas-online-e-o-risco-real-de-dependencia",1
1831979186589937975,1725612849267,サッカーに関連するパロディニュースを投稿するアカウントであることが明示されているためコミュニティノートは必要ありません。,0
1833967873011990979,1726086989059,Une intifada est un terme arabe utilisé pour désigner une révolte dans le conflit israélo-palestinien.  Ce graffiti n'a donc aucun sens en France vu qu'en France on parle français et pas arabe.D'ailleurs la France n'occupe pas de territoire illégalement à ce jour.    https://t.ly/23Q5j,0
2030307103865180339,1772897909500,Este vídeo está generado con inteligencia artificial y no corresponde a imágenes reales de Tel Aviv. Este tipo de vídeos ya se han difundido anteriormente.    https://factual.afp.com/doc.afp.com.A2AP8G3,1
1743898997750632824,1704612895800,"המעורבות של אהוד ברק בפרשה הופרכה, הן לפני מספר שנים והן בימים האחרונים.    דוגמה מהימים האחרונים:  https://www.maariv.co.il/news/world/Article-1065712",1
1897011975554531368,1741117874408,Die Behauptung der Täter seie ein &quot;Rechter&quot; ist wieder legt. Der Täter ist eher dem linken Spektrum zuzurechnen.    https://x.com/binkeinnazi/status/1896695250820972794?t=9uG3MJrquCGtH-3sWK2HwA&amp;s=19,0
2040309597756395943,1775282689882,"This is an out of focus image of the star. In reality a star is effectively a point source. The movement &amp; colours due to air current in Earths atmosphere. This is a recurrent engagement farming post by this account, where they hide the actual explanation in comments.  https://www.cloudynights.com/forums/topic/638048-feedback-on-out-of-focus-star-images/  https://www.skyatnightmagazine.com/space-science/why-do-stars-twinkle",1
2018456453472829532,1770072494273,Rep. Schiff did not urge the public to report non-compliant individuals during COVID-19 lockdowns; no such statements appear in his official communications or social media. https://schiff.house.gov/help/coronavirus-information https://x.com/SenAdamSchiff,1
1895832900676751622,1740836761050,"Dès 1919 durant la guerre USSR-Pologne, De Gaulle avait prédit l'expansionnisme russe pro-USSR et voulait la contrecarré au nom &quot;de la gloire pour la France éternelle&quot;   https://lincorrect.org/ukraine-notre-avenir-sy-joue-lincorrect/   https://x.com/patrick_edery/status/1734942065056780510  https://pl.ambafrance.org/Le-capitaine-De-Gaulle-et-la-Pologne",0
1960711986800365791,1756305140578,The statute that says that the POTUS can remove Board members for cause. 12 USC 242.  https://www.law.cornell.edu/uscode/text/12/242,1
1812293253460316464,1720919357061,President Biden spoke in a press conference about the information he was provided. He did mention other people who were injured. https://x.com/acyn/status/1812280694259011727?s=46&amp;t=dDD2dUonj2-jHL8fI2ImPQ,0
1968610573010006453,1758188310278,"Le post accuse les agresseurs, manifestement deux hommes, au collectif Nemesis, alors que celui-ci est exclusivement composé de femmes :    https://www.collectif-nemesis.com/manifeste    En outre, le jeu d’acteur est tellement exagéré qu’il en devient évident.",1
1789983687221657923,1715600341979,Misleading.  Adding context   https://twitter.com/rishibagree/status/1789981300612354056  ,0
1870819931224494576,1734873204414,This is an undisclosed ad of Swiggy Instamart clearly a violation of X terms of service.   https://business.x.com/en/help/ads-policies/ads-content-policies/deceptive-and-fraudulent-content,1
1657522255461744640,1684019075633,Isto foi preparado para likes. Não é autêntico https://www.aquelamaquina.pt/drive-in/detalhe/para-em-cima-da-passadeira-e-peao-passa-por-dentro-do-carro.html,1
1822687425375899849,1723397520762,"Non, la médaille n'avait pas été retirée parce que les organisateurs voulaient un podium uniquement composé de personne de couleur.  https://decripto.org/fr/jo-controverse-gymnastique-la-roumanie-accuse-les-usa-les-medailles-dana-borbosu-et-de-sabrina-voinea-ont-ete-volees/",0
1657097334361055260,1683917766549,Here is the translated notice from the Chinese government regulator.  This issue/defect is a finding that the default regenerative settings on tesla EV could lead to accidents.  There is no unintended manufacturing defect or any data presented to substantiate the risks.   https://www-samr-gov-cn.translate.goog/zw/zh/202305/t20230512_355181.html,1
1971898267601678827,1758972157752,パクツイです  元ツイートはこちら  https://x.com/solitude_kodo9/status/1217092338255687682,0
1907452234511663339,1743607026114,This account is impersonating @avalonfinance_. Letters have been changed in the user name to fool people into misreading it as the real account.  https://x.com/avalonfinance_  https://web3antivirus.io/scam-report/628695/,1
1674329250693009409,1688026175556,"Satire, so no note needed. Also, suggested note about drinks with “some sugar” misses that the drinks referenced in the tweet are caffeinated and caffeine is a diuretic.",0
